"ano_epidemio","semana_epidemio","uf","tipo_gripe","total_casos","idade_media"
2020,1,"PR","Outras Respiratórias",17,76.8823529411765
2020,1,"RS","Influenza",7,89
2020,1,"RS","Outras Respiratórias",15,53.1333333333333
2020,1,"SC","Outras Respiratórias",13,62.3846153846154
2020,2,"PR","Outras Respiratórias",57,55.2631578947368
2020,2,"RS","Outras Respiratórias",49,37.6938775510204
2020,2,"SC","Influenza",12,20
2020,2,"SC","Outras Respiratórias",25,34.68
2020,3,"PR","Influenza",9,63
2020,3,"PR","Outras Respiratórias",38,53.9210526315789
2020,3,"RS","Influenza",3,91
2020,3,"RS","Outras Respiratórias",36,51.8055555555556
2020,3,"SC","Influenza",5,91.6
2020,3,"SC","Outras Respiratórias",16,62.875
2020,4,"PR","Influenza",15,76.4
2020,4,"PR","Outras Respiratórias",25,43.68
2020,4,"RS","Influenza",12,58.75
2020,4,"RS","Outras Respiratórias",24,51.0416666666667
2020,4,"SC","Influenza",5,86.6
2020,4,"SC","Outras Respiratórias",15,51.2
2020,5,"PR","Outras Respiratórias",45,69.1555555555556
2020,5,"RS","Influenza",3,85
2020,5,"RS","Outras Respiratórias",36,76.5277777777778
2020,5,"SC","Influenza",3,84
2020,5,"SC","Outras Respiratórias",19,84.0526315789474
2020,6,"PR","Outras Respiratórias",42,65.2857142857143
2020,6,"RS","Outras Respiratórias",62,57.6451612903226
2020,6,"SC","Outras Respiratórias",25,53.08
2020,7,"PR","Influenza",10,84
2020,7,"PR","Outras Respiratórias",36,57.1666666666667
2020,7,"RS","Outras Respiratórias",33,64.2121212121212
2020,7,"SC","Outras Respiratórias",30,57.1
2020,8,"PR","Outras Respiratórias",40,57.5
2020,8,"RS","Outras Respiratórias",46,66.7173913043478
2020,8,"SC","Outras Respiratórias",30,35.0333333333333
2020,9,"PR","Influenza",17,29.4117647058824
2020,9,"PR","Outras Respiratórias",36,53.0555555555556
2020,9,"RS","Influenza",7,18
2020,9,"RS","Outras Respiratórias",32,47.46875
2020,9,"SC","Outras Respiratórias",23,56.2173913043478
2020,10,"PR","Outras Respiratórias",70,43.3571428571429
2020,10,"RS","Influenza",18,68.5
2020,10,"RS","Outras Respiratórias",30,59.6333333333333
2020,10,"SC","Outras Respiratórias",33,59.7272727272727
2020,11,"PR","Influenza",7,77
2020,11,"PR","Outras Respiratórias",46,48.8260869565217
2020,11,"RS","Outras Respiratórias",52,74.9615384615385
2020,11,"SC","Outras Respiratórias",36,50.8888888888889
2020,12,"PR","Influenza",14,49
2020,12,"PR","Outras Respiratórias",51,42.6862745098039
2020,12,"RS","Influenza",20,57.9
2020,12,"RS","Outras Respiratórias",38,51
2020,12,"SC","Outras Respiratórias",45,34.3777777777778
2020,13,"PR","Influenza",23,23.5217391304348
2020,13,"PR","Outras Respiratórias",46,47.9782608695652
2020,13,"RS","Influenza",18,49.1111111111111
2020,13,"RS","Outras Respiratórias",27,79
2020,13,"SC","Outras Respiratórias",39,64.0512820512821
2020,14,"PR","Influenza",8,95
2020,14,"PR","Outras Respiratórias",61,70.9508196721311
2020,14,"RS","Outras Respiratórias",56,51.6964285714286
2020,14,"SC","Influenza",4,51
2020,14,"SC","Outras Respiratórias",26,56.1153846153846
2020,15,"PR","Influenza",17,53
2020,15,"PR","Outras Respiratórias",72,70.8472222222222
2020,15,"RS","Influenza",12,0
2020,15,"RS","Outras Respiratórias",55,31
2020,15,"SC","Influenza",14,88.8571428571429
2020,15,"SC","Outras Respiratórias",38,64.5789473684211
2020,16,"PR","Outras Respiratórias",80,44.95
2020,16,"RS","Influenza",11,79
2020,16,"RS","Outras Respiratórias",69,52.231884057971
2020,16,"SC","Influenza",8,23
2020,16,"SC","Outras Respiratórias",39,47.8974358974359
2020,17,"PR","Influenza",10,71
2020,17,"PR","Outras Respiratórias",81,61.641975308642
2020,17,"RS","Influenza",9,68
2020,17,"RS","Outras Respiratórias",73,41.5342465753425
2020,17,"SC","Influenza",6,81
2020,17,"SC","Outras Respiratórias",30,70.9
2020,18,"PR","Outras Respiratórias",89,63.8202247191011
2020,18,"RS","Outras Respiratórias",82,61.4024390243902
2020,18,"SC","Outras Respiratórias",55,77.2545454545455
2020,19,"PR","Influenza",15,83
2020,19,"PR","Outras Respiratórias",105,39.247619047619
2020,19,"RS","Influenza",35,68.9142857142857
2020,19,"RS","Outras Respiratórias",59,46.7966101694915
2020,19,"SC","Outras Respiratórias",67,23.6268656716418
2020,20,"PR","Influenza",16,73
2020,20,"PR","Outras Respiratórias",116,63.5344827586207
2020,20,"RS","Influenza",15,97
2020,20,"RS","Outras Respiratórias",101,58.8712871287129
2020,20,"SC","Influenza",8,26
2020,20,"SC","Outras Respiratórias",64,55.296875
2020,21,"PR","Influenza",22,88.4545454545455
2020,21,"PR","Outras Respiratórias",80,83.1875
2020,21,"RS","Outras Respiratórias",94,50.6489361702128
2020,21,"SC","Outras Respiratórias",65,59.8307692307692
2020,22,"PR","Influenza",12,67
2020,22,"PR","Outras Respiratórias",101,64.5346534653465
2020,22,"RS","Outras Respiratórias",95,44.5894736842105
2020,22,"SC","Outras Respiratórias",76,54.1184210526316
2020,23,"PR","Outras Respiratórias",107,62.7289719626168
2020,23,"RS","Outras Respiratórias",107,62.411214953271
2020,23,"SC","Outras Respiratórias",70,62.2428571428571
2020,24,"PR","Influenza",37,80.5135135135135
2020,24,"PR","Outras Respiratórias",78,65
2020,24,"RS","Influenza",16,73
2020,24,"RS","Outras Respiratórias",89,73.3258426966292
2020,24,"SC","Influenza",15,76
2020,24,"SC","Outras Respiratórias",66,54.6969696969697
2020,25,"PR","Influenza",22,75
2020,25,"PR","Outras Respiratórias",105,47.9809523809524
2020,25,"RS","Influenza",19,14
2020,25,"RS","Outras Respiratórias",116,65.8534482758621
2020,25,"SC","Outras Respiratórias",81,56.6049382716049
2020,26,"PR","Outras Respiratórias",126,75.4126984126984
2020,26,"RS","Outras Respiratórias",106,68.0566037735849
2020,26,"SC","Outras Respiratórias",89,71.4494382022472
2020,27,"PR","Influenza",38,54.3947368421053
2020,27,"PR","Outras Respiratórias",81,72.1111111111111
2020,27,"RS","Outras Respiratórias",118,44.7372881355932
2020,27,"SC","Outras Respiratórias",76,67.2236842105263
2020,28,"PR","Influenza",14,80
2020,28,"PR","Outras Respiratórias",117,46.7863247863248
2020,28,"RS","Influenza",21,73
2020,28,"RS","Outras Respiratórias",111,68.1981981981982
2020,28,"SC","Outras Respiratórias",85,58.7058823529412
2020,29,"PR","Influenza",25,19
2020,29,"PR","Outras Respiratórias",105,78.7333333333333
2020,29,"RS","Influenza",14,23
2020,29,"RS","Outras Respiratórias",101,74.6435643564356
2020,29,"SC","Outras Respiratórias",86,55.1046511627907
2020,30,"PR","Outras Respiratórias",132,68.8863636363636
2020,30,"RS","Influenza",16,87
2020,30,"RS","Outras Respiratórias",97,56.1134020618557
2020,30,"SC","Influenza",13,83
2020,30,"SC","Outras Respiratórias",72,45.6388888888889
2020,31,"PR","Outras Respiratórias",135,58.9925925925926
2020,31,"RS","Influenza",31,37.0322580645161
2020,31,"RS","Outras Respiratórias",69,67.6521739130435
2020,31,"SC","Outras Respiratórias",86,35.1860465116279
2020,32,"PR","Influenza",36,48.7777777777778
2020,32,"PR","Outras Respiratórias",92,70.8695652173913
2020,32,"RS","Outras Respiratórias",123,74.4471544715447
2020,32,"SC","Outras Respiratórias",76,74.0526315789474
2020,33,"PR","Influenza",15,27
2020,33,"PR","Outras Respiratórias",97,69.1030927835052
2020,33,"RS","Influenza",18,60
2020,33,"RS","Outras Respiratórias",92,68.8478260869565
2020,33,"SC","Influenza",13,65
2020,33,"SC","Outras Respiratórias",83,65.855421686747
2020,34,"PR","Outras Respiratórias",121,56.9090909090909
2020,34,"RS","Outras Respiratórias",110,53.2272727272727
2020,34,"SC","Influenza",11,66
2020,34,"SC","Outras Respiratórias",79,46.126582278481
2020,35,"PR","Outras Respiratórias",119,54.6050420168067
2020,35,"RS","Outras Respiratórias",97,36.8247422680412
2020,35,"SC","Outras Respiratórias",69,41.9130434782609
2020,36,"PR","Influenza",12,87
2020,36,"PR","Outras Respiratórias",96,89.6770833333333
2020,36,"RS","Outras Respiratórias",91,69.8131868131868
2020,36,"SC","Outras Respiratórias",73,81.8904109589041
2020,37,"PR","Influenza",11,86
2020,37,"PR","Outras Respiratórias",96,61.3645833333333
2020,37,"RS","Influenza",30,29
2020,37,"RS","Outras Respiratórias",90,58.4888888888889
2020,37,"SC","Influenza",13,66
2020,37,"SC","Outras Respiratórias",53,70.0754716981132
2020,38,"PR","Influenza",12,17
2020,38,"PR","Outras Respiratórias",113,52.8318584070796
2020,38,"RS","Outras Respiratórias",100,81.04
2020,38,"SC","Influenza",16,15.6875
2020,38,"SC","Outras Respiratórias",54,52.5925925925926
2020,39,"PR","Influenza",34,85.7058823529412
2020,39,"PR","Outras Respiratórias",81,67.6666666666667
2020,39,"RS","Outras Respiratórias",98,45.8469387755102
2020,39,"SC","Influenza",19,78
2020,39,"SC","Outras Respiratórias",50,77.4
2020,40,"PR","Outras Respiratórias",102,56.5
2020,40,"RS","Influenza",8,63
2020,40,"RS","Outras Respiratórias",82,46.3048780487805
2020,40,"SC","Outras Respiratórias",58,72.8103448275862
2020,41,"PR","Influenza",9,52
2020,41,"PR","Outras Respiratórias",73,59.6986301369863
2020,41,"RS","Influenza",24,97.5833333333333
2020,41,"RS","Outras Respiratórias",66,68.2272727272727
2020,41,"SC","Influenza",8,2
2020,41,"SC","Outras Respiratórias",44,54.5454545454545
2020,42,"PR","Outras Respiratórias",84,61.8214285714286
2020,42,"RS","Influenza",7,73
2020,42,"RS","Outras Respiratórias",74,81.0945945945946
2020,42,"SC","Outras Respiratórias",55,45.9090909090909
2020,43,"PR","Outras Respiratórias",88,56.0113636363636
2020,43,"RS","Influenza",17,86
2020,43,"RS","Outras Respiratórias",86,80.8604651162791
2020,43,"SC","Influenza",21,49.0476190476191
2020,43,"SC","Outras Respiratórias",34,40.2647058823529
2020,44,"PR","Outras Respiratórias",104,48.625
2020,44,"RS","Outras Respiratórias",81,79.6543209876543
2020,44,"SC","Influenza",8,86
2020,44,"SC","Outras Respiratórias",58,47.6896551724138
2020,45,"PR","Outras Respiratórias",68,61.1176470588235
2020,45,"RS","Influenza",8,52
2020,45,"RS","Outras Respiratórias",61,62.5737704918033
2020,45,"SC","Influenza",7,52.5714285714286
2020,45,"SC","Outras Respiratórias",30,61.3
2020,46,"PR","Outras Respiratórias",76,63.2236842105263
2020,46,"RS","Influenza",7,39
2020,46,"RS","Outras Respiratórias",54,66.7407407407407
2020,46,"SC","Outras Respiratórias",41,45.9512195121951
2020,47,"PR","Outras Respiratórias",64,56.421875
2020,47,"RS","Influenza",13,93.8461538461538
2020,47,"RS","Outras Respiratórias",39,61.2820512820513
2020,47,"SC","Outras Respiratórias",35,50.4571428571429
2020,48,"PR","Influenza",22,74
2020,48,"PR","Outras Respiratórias",50,70.48
2020,48,"RS","Influenza",5,83
2020,48,"RS","Outras Respiratórias",49,75.5510204081633
2020,48,"SC","Influenza",7,52.7142857142857
2020,48,"SC","Outras Respiratórias",36,48.9722222222222
2020,49,"PR","Influenza",11,96
2020,49,"PR","Outras Respiratórias",35,40.6857142857143
2020,49,"RS","Outras Respiratórias",47,37.1276595744681
2020,49,"SC","Outras Respiratórias",36,48.6944444444444
2020,50,"PR","Influenza",11,72
2020,50,"PR","Outras Respiratórias",35,67.7714285714286
2020,50,"RS","Outras Respiratórias",43,78.9302325581395
2020,50,"SC","Influenza",12,96
2020,50,"SC","Outras Respiratórias",23,60.0434782608696
2020,51,"PR","Outras Respiratórias",53,60.0566037735849
2020,51,"RS","Influenza",8,43
2020,51,"RS","Outras Respiratórias",26,66.2307692307692
2020,51,"SC","Influenza",1,84
2020,51,"SC","Outras Respiratórias",30,47.0666666666667
2020,52,"PR","Outras Respiratórias",56,39.6785714285714
2020,52,"RS","Outras Respiratórias",35,43.5714285714286
2020,52,"SC","Influenza",8,81.5
2020,52,"SC","Outras Respiratórias",29,49.1379310344828
2020,53,"PR","Outras Respiratórias",38,62.2631578947368
2020,53,"RS","Influenza",4,99
2020,53,"RS","Outras Respiratórias",36,50.9166666666667
2020,53,"SC","Outras Respiratórias",23,81.695652173913
2021,1,"PR","Outras Respiratórias",30,56.5333333333333
2021,1,"RS","Outras Respiratórias",30,60.7333333333333
2021,1,"SC","Outras Respiratórias",31,61.1612903225806
2021,2,"PR","Outras Respiratórias",45,61.0444444444444
2021,2,"RS","Outras Respiratórias",35,54.9714285714286
2021,2,"SC","Influenza",10,45.2
2021,2,"SC","Outras Respiratórias",17,69.9411764705882
2021,3,"PR","Outras Respiratórias",40,25.675
2021,3,"RS","Outras Respiratórias",40,44.45
2021,3,"SC","Influenza",6,80
2021,3,"SC","Outras Respiratórias",25,82.48
2021,4,"PR","Influenza",6,75
2021,4,"PR","Outras Respiratórias",31,45.3870967741936
2021,4,"RS","Influenza",7,29.5714285714286
2021,4,"RS","Outras Respiratórias",26,52.1923076923077
2021,4,"SC","Outras Respiratórias",27,59.6666666666667
2021,5,"PR","Influenza",6,99
2021,5,"PR","Outras Respiratórias",39,70.8205128205128
2021,5,"RS","Outras Respiratórias",46,35.2391304347826
2021,5,"SC","Influenza",5,60
2021,5,"SC","Outras Respiratórias",30,67.3333333333333
2021,6,"PR","Outras Respiratórias",37,58.6486486486486
2021,6,"RS","Outras Respiratórias",38,72.7105263157895
2021,6,"SC","Influenza",4,23
2021,6,"SC","Outras Respiratórias",16,36.125
2021,7,"PR","Outras Respiratórias",47,53.8510638297872
2021,7,"RS","Outras Respiratórias",50,74.14
2021,7,"SC","Outras Respiratórias",39,67.3589743589744
2021,8,"PR","Influenza",7,40
2021,8,"PR","Outras Respiratórias",47,69.5744680851064
2021,8,"RS","Influenza",4,60
2021,8,"RS","Outras Respiratórias",39,62.4358974358974
2021,8,"SC","Influenza",3,14
2021,8,"SC","Outras Respiratórias",29,42.7586206896552
2021,9,"PR","Outras Respiratórias",62,67.2258064516129
2021,9,"RS","Influenza",14,68
2021,9,"RS","Outras Respiratórias",44,57.0909090909091
2021,9,"SC","Influenza",14,44.7142857142857
2021,9,"SC","Outras Respiratórias",30,51.4666666666667
2021,10,"PR","Outras Respiratórias",60,56.6
2021,10,"RS","Influenza",5,17
2021,10,"RS","Outras Respiratórias",51,76.3529411764706
2021,10,"SC","Outras Respiratórias",46,68.7391304347826
2021,11,"PR","Outras Respiratórias",60,32.2
2021,11,"RS","Outras Respiratórias",62,69.5322580645161
2021,11,"SC","Influenza",5,77
2021,11,"SC","Outras Respiratórias",40,50.3
2021,12,"PR","Outras Respiratórias",68,71.3823529411765
2021,12,"RS","Outras Respiratórias",49,60.7959183673469
2021,12,"SC","Influenza",7,38.2857142857143
2021,12,"SC","Outras Respiratórias",30,62.5
2021,13,"PR","Influenza",23,91.7391304347826
2021,13,"PR","Outras Respiratórias",60,77.4333333333333
2021,13,"RS","Influenza",10,36
2021,13,"RS","Outras Respiratórias",55,63.1818181818182
2021,13,"SC","Outras Respiratórias",40,71.45
2021,14,"PR","Influenza",11,11
2021,14,"PR","Outras Respiratórias",78,62.0897435897436
2021,14,"RS","Outras Respiratórias",80,50.2
2021,14,"SC","Influenza",9,46
2021,14,"SC","Outras Respiratórias",42,38.3571428571429
2021,15,"PR","Outras Respiratórias",83,60.4457831325301
2021,15,"RS","Influenza",8,19
2021,15,"RS","Outras Respiratórias",62,49.8387096774194
2021,15,"SC","Outras Respiratórias",48,62.2916666666667
2021,16,"PR","Outras Respiratórias",87,51.3793103448276
2021,16,"RS","Outras Respiratórias",86,58.8488372093023
2021,16,"SC","Influenza",10,23
2021,16,"SC","Outras Respiratórias",47,19.531914893617
2021,17,"PR","Outras Respiratórias",102,66.0098039215686
2021,17,"RS","Outras Respiratórias",63,47.0793650793651
2021,17,"SC","Influenza",23,91.8695652173913
2021,17,"SC","Outras Respiratórias",40,70.675
2021,18,"PR","Influenza",18,19
2021,18,"PR","Outras Respiratórias",83,41.9759036144578
2021,18,"RS","Influenza",23,67.6521739130435
2021,18,"RS","Outras Respiratórias",50,78.86
2021,18,"SC","Outras Respiratórias",72,55.5972222222222
2021,19,"PR","Influenza",26,43.5384615384615
2021,19,"PR","Outras Respiratórias",74,73.7837837837838
2021,19,"RS","Outras Respiratórias",79,51.1392405063291
2021,19,"SC","Influenza",14,42
2021,19,"SC","Outras Respiratórias",61,66.344262295082
2021,20,"PR","Outras Respiratórias",95,56.5894736842105
2021,20,"RS","Influenza",28,24
2021,20,"RS","Outras Respiratórias",76,49.6052631578947
2021,20,"SC","Influenza",10,44
2021,20,"SC","Outras Respiratórias",58,56.9310344827586
2021,21,"PR","Influenza",33,87
2021,21,"PR","Outras Respiratórias",87,65.6551724137931
2021,21,"RS","Influenza",15,81
2021,21,"RS","Outras Respiratórias",82,40.0365853658537
2021,21,"SC","Influenza",20,21.8
2021,21,"SC","Outras Respiratórias",49,65.6938775510204
2021,22,"PR","Influenza",31,52.5161290322581
2021,22,"PR","Outras Respiratórias",77,62.1298701298701
2021,22,"RS","Influenza",16,33
2021,22,"RS","Outras Respiratórias",98,53.6836734693878
2021,22,"SC","Influenza",27,86
2021,22,"SC","Outras Respiratórias",46,55.1304347826087
2021,23,"PR","Outras Respiratórias",115,51.7391304347826
2021,23,"RS","Influenza",12,5
2021,23,"RS","Outras Respiratórias",85,57.6705882352941
2021,23,"SC","Outras Respiratórias",87,50.1034482758621
2021,24,"PR","Outras Respiratórias",116,70.9568965517241
2021,24,"RS","Outras Respiratórias",123,70.6910569105691
2021,24,"SC","Influenza",8,85
2021,24,"SC","Outras Respiratórias",73,32.9178082191781
2021,25,"PR","Outras Respiratórias",119,59.8823529411765
2021,25,"RS","Influenza",10,10
2021,25,"RS","Outras Respiratórias",93,57.7204301075269
2021,25,"SC","Influenza",13,25
2021,25,"SC","Outras Respiratórias",72,43.4027777777778
2021,26,"PR","Outras Respiratórias",133,81.7894736842105
2021,26,"RS","Influenza",17,44
2021,26,"RS","Outras Respiratórias",95,61.2421052631579
2021,26,"SC","Influenza",10,90
2021,26,"SC","Outras Respiratórias",76,42.4473684210526
2021,27,"PR","Influenza",17,43
2021,27,"PR","Outras Respiratórias",89,56.9325842696629
2021,27,"RS","Influenza",23,18
2021,27,"RS","Outras Respiratórias",88,62.9886363636364
2021,27,"SC","Outras Respiratórias",79,71.9240506329114
2021,28,"PR","Outras Respiratórias",112,49.5446428571429
2021,28,"RS","Outras Respiratórias",128,54.90625
2021,28,"SC","Outras Respiratórias",80,68.575
2021,29,"PR","Influenza",36,81.4166666666667
2021,29,"PR","Outras Respiratórias",96,58.6041666666667
2021,29,"RS","Influenza",26,88.3076923076923
2021,29,"RS","Outras Respiratórias",79,42.0506329113924
2021,29,"SC","Outras Respiratórias",70,69.9142857142857
2021,30,"PR","Outras Respiratórias",116,66.3275862068966
2021,30,"RS","Influenza",16,66
2021,30,"RS","Outras Respiratórias",87,89.9540229885057
2021,30,"SC","Influenza",34,56.3529411764706
2021,30,"SC","Outras Respiratórias",56,55.1785714285714
2021,31,"PR","Outras Respiratórias",136,49.8676470588235
2021,31,"RS","Outras Respiratórias",128,56.890625
2021,31,"SC","Outras Respiratórias",94,58.2978723404255
2021,32,"PR","Influenza",25,21
2021,32,"PR","Outras Respiratórias",87,71.5632183908046
2021,32,"RS","Outras Respiratórias",132,55.8333333333333
2021,32,"SC","Outras Respiratórias",80,64.2125
2021,33,"PR","Outras Respiratórias",104,73.6153846153846
2021,33,"RS","Influenza",12,5
2021,33,"RS","Outras Respiratórias",78,54.7564102564103
2021,33,"SC","Outras Respiratórias",82,47.1585365853659
2021,34,"PR","Outras Respiratórias",120,69.025
2021,34,"RS","Influenza",28,96.5
2021,34,"RS","Outras Respiratórias",68,69.8235294117647
2021,34,"SC","Influenza",13,94
2021,34,"SC","Outras Respiratórias",83,62.8072289156626
2021,35,"PR","Influenza",21,45
2021,35,"PR","Outras Respiratórias",106,44.5188679245283
2021,35,"RS","Outras Respiratórias",105,83.9619047619048
2021,35,"SC","Influenza",13,85
2021,35,"SC","Outras Respiratórias",50,45.52
2021,36,"PR","Influenza",9,77
2021,36,"PR","Outras Respiratórias",86,66.5697674418605
2021,36,"RS","Influenza",10,68
2021,36,"RS","Outras Respiratórias",92,71.1630434782609
2021,36,"SC","Outras Respiratórias",61,67.8524590163934
2021,37,"PR","Outras Respiratórias",111,36.1171171171171
2021,37,"RS","Outras Respiratórias",89,35.4831460674157
2021,37,"SC","Outras Respiratórias",79,53.2025316455696
2021,38,"PR","Influenza",13,6
2021,38,"PR","Outras Respiratórias",93,36.5161290322581
2021,38,"RS","Influenza",35,8.14285714285714
2021,38,"RS","Outras Respiratórias",77,55.4545454545455
2021,38,"SC","Influenza",10,40
2021,38,"SC","Outras Respiratórias",50,75.22
2021,39,"PR","Influenza",17,89
2021,39,"PR","Outras Respiratórias",81,49.1358024691358
2021,39,"RS","Outras Respiratórias",99,48.9090909090909
2021,39,"SC","Outras Respiratórias",60,42.1
2021,40,"PR","Outras Respiratórias",92,47.0652173913044
2021,40,"RS","Influenza",10,86
2021,40,"RS","Outras Respiratórias",72,52.7777777777778
2021,40,"SC","Outras Respiratórias",51,53.9803921568627
2021,41,"PR","Outras Respiratórias",68,56.1617647058824
2021,41,"RS","Outras Respiratórias",75,51.0133333333333
2021,41,"SC","Influenza",6,78
2021,41,"SC","Outras Respiratórias",48,52.7291666666667
2021,42,"PR","Outras Respiratórias",75,56.6666666666667
2021,42,"RS","Outras Respiratórias",75,59.7466666666667
2021,42,"SC","Influenza",6,77
2021,42,"SC","Outras Respiratórias",59,28
2021,43,"PR","Influenza",16,97
2021,43,"PR","Outras Respiratórias",77,64.4155844155844
2021,43,"RS","Influenza",13,68
2021,43,"RS","Outras Respiratórias",66,70.7272727272727
2021,43,"SC","Influenza",13,60
2021,43,"SC","Outras Respiratórias",48,62.3958333333333
2021,44,"PR","Influenza",9,83
2021,44,"PR","Outras Respiratórias",59,56.6271186440678
2021,44,"RS","Influenza",24,57.0833333333333
2021,44,"RS","Outras Respiratórias",38,79.7368421052632
2021,44,"SC","Outras Respiratórias",49,68.9591836734694
2021,45,"PR","Influenza",19,59.1578947368421
2021,45,"PR","Outras Respiratórias",44,66.3409090909091
2021,45,"RS","Influenza",15,63.8
2021,45,"RS","Outras Respiratórias",50,46.4
2021,45,"SC","Influenza",12,84.0833333333333
2021,45,"SC","Outras Respiratórias",35,53.9714285714286
2021,46,"PR","Influenza",22,50.8181818181818
2021,46,"PR","Outras Respiratórias",42,28.952380952381
2021,46,"RS","Outras Respiratórias",57,64.8947368421053
2021,46,"SC","Outras Respiratórias",38,60.0789473684211
2021,47,"PR","Outras Respiratórias",69,52.0434782608696
2021,47,"RS","Outras Respiratórias",65,63.9384615384615
2021,47,"SC","Outras Respiratórias",49,65.734693877551
2021,48,"PR","Influenza",8,80
2021,48,"PR","Outras Respiratórias",45,50.3777777777778
2021,48,"RS","Outras Respiratórias",49,48.4897959183673
2021,48,"SC","Influenza",11,80
2021,48,"SC","Outras Respiratórias",24,40.3333333333333
2021,49,"PR","Outras Respiratórias",48,58.5625
2021,49,"RS","Outras Respiratórias",44,63.0454545454545
2021,49,"SC","Outras Respiratórias",27,58.4814814814815
2021,50,"PR","Outras Respiratórias",53,59.3396226415094
2021,50,"RS","Influenza",2,72
2021,50,"RS","Outras Respiratórias",36,32.8888888888889
2021,50,"SC","Influenza",2,44
2021,50,"SC","Outras Respiratórias",24,59.75
2021,51,"PR","Influenza",21,85.0952380952381
2021,51,"PR","Outras Respiratórias",37,65.8918918918919
2021,51,"RS","Influenza",4,86
2021,51,"RS","Outras Respiratórias",40,53.075
2021,51,"SC","Outras Respiratórias",31,60.5806451612903
2021,52,"PR","Influenza",4,10
2021,52,"PR","Outras Respiratórias",26,57.2307692307692
2021,52,"RS","Outras Respiratórias",44,47.2954545454545
2021,52,"SC","Outras Respiratórias",39,22.8461538461538
2022,1,"PR","Influenza",4,28
2022,1,"PR","Outras Respiratórias",35,53.5428571428571
2022,1,"RS","Outras Respiratórias",43,59.4418604651163
2022,1,"SC","Influenza",12,61.75
2022,1,"SC","Outras Respiratórias",12,63.1666666666667
2022,2,"PR","Outras Respiratórias",42,70.6904761904762
2022,2,"RS","Influenza",4,69
2022,2,"RS","Outras Respiratórias",28,65.1428571428571
2022,2,"SC","Outras Respiratórias",34,57.6470588235294
2022,3,"PR","Influenza",3,68
2022,3,"PR","Outras Respiratórias",40,51
2022,3,"RS","Outras Respiratórias",37,68.7027027027027
2022,3,"SC","Influenza",2,42
2022,3,"SC","Outras Respiratórias",16,47
2022,4,"PR","Influenza",2,33
2022,4,"PR","Outras Respiratórias",37,63.8378378378378
2022,4,"RS","Influenza",6,56
2022,4,"RS","Outras Respiratórias",29,36.9655172413793
2022,4,"SC","Influenza",7,58
2022,4,"SC","Outras Respiratórias",26,30
2022,5,"PR","Influenza",10,51
2022,5,"PR","Outras Respiratórias",30,49.2
2022,5,"RS","Influenza",8,68
2022,5,"RS","Outras Respiratórias",32,61.40625
2022,5,"SC","Influenza",7,67.2857142857143
2022,5,"SC","Outras Respiratórias",23,33.2608695652174
2022,6,"PR","Outras Respiratórias",54,64.6666666666667
2022,6,"RS","Influenza",3,44
2022,6,"RS","Outras Respiratórias",30,58.3666666666667
2022,6,"SC","Influenza",14,82.4285714285714
2022,6,"SC","Outras Respiratórias",22,77.2272727272727
2022,7,"PR","Influenza",5,0
2022,7,"PR","Outras Respiratórias",50,70.24
2022,7,"RS","Outras Respiratórias",44,54.2727272727273
2022,7,"SC","Influenza",4,63
2022,7,"SC","Outras Respiratórias",37,79.945945945946
2022,8,"PR","Influenza",11,86
2022,8,"PR","Outras Respiratórias",32,49.9375
2022,8,"RS","Outras Respiratórias",41,67.390243902439
2022,8,"SC","Influenza",4,46
2022,8,"SC","Outras Respiratórias",27,81.8888888888889
2022,9,"PR","Outras Respiratórias",61,69.6393442622951
2022,9,"RS","Outras Respiratórias",65,64.8
2022,9,"SC","Influenza",6,63
2022,9,"SC","Outras Respiratórias",39,63.5384615384615
2022,10,"PR","Influenza",9,5
2022,10,"PR","Outras Respiratórias",51,48.8627450980392
2022,10,"RS","Outras Respiratórias",63,35.3968253968254
2022,10,"SC","Influenza",6,91
2022,10,"SC","Outras Respiratórias",35,49.7714285714286
2022,11,"PR","Outras Respiratórias",68,61.8088235294118
2022,11,"RS","Outras Respiratórias",67,63.6417910447761
2022,11,"SC","Influenza",11,49.8181818181818
2022,11,"SC","Outras Respiratórias",35,57.4285714285714
2022,12,"PR","Influenza",22,89
2022,12,"PR","Outras Respiratórias",38,33.3157894736842
2022,12,"RS","Outras Respiratórias",49,51.1224489795918
2022,12,"SC","Outras Respiratórias",49,31.7959183673469
2022,13,"PR","Outras Respiratórias",67,61.4179104477612
2022,13,"RS","Influenza",9,93
2022,13,"RS","Outras Respiratórias",56,74.0178571428571
2022,13,"SC","Influenza",5,59
2022,13,"SC","Outras Respiratórias",39,72.6153846153846
2022,14,"PR","Influenza",13,97
2022,14,"PR","Outras Respiratórias",76,73.5
2022,14,"RS","Outras Respiratórias",76,32.1447368421053
2022,14,"SC","Influenza",15,88.8
2022,14,"SC","Outras Respiratórias",38,45.7105263157895
2022,15,"PR","Outras Respiratórias",81,45.7037037037037
2022,15,"RS","Influenza",7,59
2022,15,"RS","Outras Respiratórias",68,44.9558823529412
2022,15,"SC","Outras Respiratórias",49,59.2857142857143
2022,16,"PR","Outras Respiratórias",89,53.6404494382022
2022,16,"RS","Influenza",12,86
2022,16,"RS","Outras Respiratórias",73,42.5616438356164
2022,16,"SC","Influenza",7,70
2022,16,"SC","Outras Respiratórias",53,59.188679245283
2022,17,"PR","Influenza",22,38.5
2022,17,"PR","Outras Respiratórias",54,60.4074074074074
2022,17,"RS","Influenza",18,64
2022,17,"RS","Outras Respiratórias",53,57.5094339622642
2022,17,"SC","Influenza",16,20.0625
2022,17,"SC","Outras Respiratórias",45,79.5333333333333
2022,18,"PR","Influenza",46,66.804347826087
2022,18,"PR","Outras Respiratórias",41,91.6585365853659
2022,18,"RS","Influenza",28,77.0357142857143
2022,18,"RS","Outras Respiratórias",83,80.8072289156626
2022,18,"SC","Influenza",14,31
2022,18,"SC","Outras Respiratórias",56,63.1964285714286
2022,19,"PR","Influenza",22,62
2022,19,"PR","Outras Respiratórias",97,75.1443298969072
2022,19,"RS","Influenza",42,74.7142857142857
2022,19,"RS","Outras Respiratórias",63,77.6825396825397
2022,19,"SC","Influenza",10,90
2022,19,"SC","Outras Respiratórias",45,66.6444444444444
2022,20,"PR","Outras Respiratórias",106,74.0283018867924
2022,20,"RS","Outras Respiratórias",80,51.85
2022,20,"SC","Influenza",21,58.3333333333333
2022,20,"SC","Outras Respiratórias",35,53.6571428571429
2022,21,"PR","Influenza",12,70
2022,21,"PR","Outras Respiratórias",85,51.0117647058824
2022,21,"RS","Outras Respiratórias",94,45.531914893617
2022,21,"SC","Influenza",11,38
2022,21,"SC","Outras Respiratórias",69,64.0144927536232
2022,22,"PR","Influenza",28,51.5
2022,22,"PR","Outras Respiratórias",71,53.0422535211268
2022,22,"RS","Outras Respiratórias",114,68.4298245614035
2022,22,"SC","Outras Respiratórias",79,64.7594936708861
2022,23,"PR","Influenza",12,92
2022,23,"PR","Outras Respiratórias",101,51.6633663366337
2022,23,"RS","Influenza",37,85.8648648648649
2022,23,"RS","Outras Respiratórias",86,65.9883720930233
2022,23,"SC","Influenza",13,69
2022,23,"SC","Outras Respiratórias",68,54.7941176470588
2022,24,"PR","Outras Respiratórias",108,64.1759259259259
2022,24,"RS","Influenza",44,64
2022,24,"RS","Outras Respiratórias",89,83.2022471910112
2022,24,"SC","Outras Respiratórias",84,55.9166666666667
2022,25,"PR","Outras Respiratórias",118,62.8983050847458
2022,25,"RS","Outras Respiratórias",104,48.7115384615385
2022,25,"SC","Influenza",37,30.4054054054054
2022,25,"SC","Outras Respiratórias",42,43.7619047619048
2022,26,"PR","Influenza",24,97
2022,26,"PR","Outras Respiratórias",95,76.3789473684211
2022,26,"RS","Outras Respiratórias",90,66.8555555555556
2022,26,"SC","Outras Respiratórias",78,56
2022,27,"PR","Outras Respiratórias",119,55.8403361344538
2022,27,"RS","Influenza",12,66
2022,27,"RS","Outras Respiratórias",86,47.2093023255814
2022,27,"SC","Outras Respiratórias",75,59.4533333333333
2022,28,"PR","Outras Respiratórias",155,49.5354838709677
2022,28,"RS","Outras Respiratórias",94,73.5531914893617
2022,28,"SC","Outras Respiratórias",68,73.3970588235294
2022,29,"PR","Outras Respiratórias",118,67.4576271186441
2022,29,"RS","Outras Respiratórias",113,51.3716814159292
2022,29,"SC","Outras Respiratórias",81,62.6049382716049
2022,30,"PR","Outras Respiratórias",141,60.8156028368794
2022,30,"RS","Outras Respiratórias",105,55.7904761904762
2022,30,"SC","Influenza",23,74.3913043478261
2022,30,"SC","Outras Respiratórias",46,50.5434782608696
2022,31,"PR","Outras Respiratórias",121,53.2727272727273
2022,31,"RS","Influenza",42,79.8571428571429
2022,31,"RS","Outras Respiratórias",83,56.8072289156626
2022,31,"SC","Outras Respiratórias",87,52.448275862069
2022,32,"PR","Outras Respiratórias",128,69.7890625
2022,32,"RS","Influenza",14,86
2022,32,"RS","Outras Respiratórias",95,61.1263157894737
2022,32,"SC","Influenza",9,38
2022,32,"SC","Outras Respiratórias",69,33.1159420289855
2022,33,"PR","Outras Respiratórias",123,40.0894308943089
2022,33,"RS","Influenza",43,68.7906976744186
2022,33,"RS","Outras Respiratórias",71,56.9154929577465
2022,33,"SC","Outras Respiratórias",95,66.1473684210526
2022,34,"PR","Influenza",19,68
2022,34,"PR","Outras Respiratórias",107,59.0467289719626
2022,34,"RS","Influenza",34,70.5
2022,34,"RS","Outras Respiratórias",71,54.8169014084507
2022,34,"SC","Influenza",14,90
2022,34,"SC","Outras Respiratórias",71,57.4084507042254
2022,35,"PR","Outras Respiratórias",88,56.2386363636364
2022,35,"RS","Influenza",21,5
2022,35,"RS","Outras Respiratórias",77,43.038961038961
2022,35,"SC","Outras Respiratórias",74,64.3648648648649
2022,36,"PR","Influenza",32,34.15625
2022,36,"PR","Outras Respiratórias",50,64.88
2022,36,"RS","Outras Respiratórias",92,54.6413043478261
2022,36,"SC","Outras Respiratórias",84,64.1904761904762
2022,37,"PR","Outras Respiratórias",113,80.3008849557522
2022,37,"RS","Influenza",16,63
2022,37,"RS","Outras Respiratórias",84,58.0476190476191
2022,37,"SC","Influenza",15,12.6
2022,37,"SC","Outras Respiratórias",51,61.8627450980392
2022,38,"PR","Outras Respiratórias",108,42.8518518518519
2022,38,"RS","Outras Respiratórias",94,55.7978723404255
2022,38,"SC","Influenza",10,88
2022,38,"SC","Outras Respiratórias",64,66.078125
2022,39,"PR","Outras Respiratórias",96,54.9791666666667
2022,39,"RS","Influenza",24,95
2022,39,"RS","Outras Respiratórias",73,52.7123287671233
2022,39,"SC","Outras Respiratórias",65,64.2461538461538
2022,40,"PR","Influenza",9,83
2022,40,"PR","Outras Respiratórias",79,65.0506329113924
2022,40,"RS","Outras Respiratórias",74,35.2432432432432
2022,40,"SC","Influenza",12,73
2022,40,"SC","Outras Respiratórias",41,46.9756097560976
2022,41,"PR","Influenza",7,89
2022,41,"PR","Outras Respiratórias",78,62.3589743589744
2022,41,"RS","Outras Respiratórias",74,58.9324324324324
2022,41,"SC","Influenza",7,24
2022,41,"SC","Outras Respiratórias",51,71.0196078431373
2022,42,"PR","Influenza",29,52.6206896551724
2022,42,"PR","Outras Respiratórias",57,53.6491228070175
2022,42,"RS","Outras Respiratórias",74,51.8783783783784
2022,42,"SC","Outras Respiratórias",55,82.5272727272727
2022,43,"PR","Outras Respiratórias",78,58.2692307692308
2022,43,"RS","Outras Respiratórias",59,56.135593220339
2022,43,"SC","Outras Respiratórias",45,79.6666666666667
2022,44,"PR","Outras Respiratórias",80,55.45
2022,44,"RS","Outras Respiratórias",56,62.4107142857143
2022,44,"SC","Influenza",5,75
2022,44,"SC","Outras Respiratórias",31,55.5161290322581
2022,45,"PR","Influenza",23,56.2608695652174
2022,45,"PR","Outras Respiratórias",43,78.1162790697674
2022,45,"RS","Outras Respiratórias",58,38.8965517241379
2022,45,"SC","Influenza",5,85
2022,45,"SC","Outras Respiratórias",49,49.8163265306122
2022,46,"PR","Outras Respiratórias",50,61.7
2022,46,"RS","Outras Respiratórias",62,57.3064516129032
2022,46,"SC","Outras Respiratórias",52,66.0576923076923
2022,47,"PR","Outras Respiratórias",74,52.4054054054054
2022,47,"RS","Outras Respiratórias",57,49.3859649122807
2022,47,"SC","Outras Respiratórias",57,69.3859649122807
2022,48,"PR","Outras Respiratórias",56,36.8035714285714
2022,48,"RS","Influenza",19,67.2631578947368
2022,48,"RS","Outras Respiratórias",31,68.3870967741936
2022,48,"SC","Outras Respiratórias",36,72.6388888888889
2022,49,"PR","Outras Respiratórias",61,52.3606557377049
2022,49,"RS","Outras Respiratórias",37,68.8378378378378
2022,49,"SC","Influenza",2,1
2022,49,"SC","Outras Respiratórias",21,72.4285714285714
2022,50,"PR","Outras Respiratórias",44,57.9772727272727
2022,50,"RS","Outras Respiratórias",41,74.5853658536585
2022,50,"SC","Outras Respiratórias",34,70.7058823529412
2022,51,"PR","Influenza",9,84
2022,51,"PR","Outras Respiratórias",48,61.1666666666667
2022,51,"RS","Outras Respiratórias",39,70.1794871794872
2022,51,"SC","Influenza",5,58
2022,51,"SC","Outras Respiratórias",21,55.3333333333333
2022,52,"PR","Outras Respiratórias",49,43.5510204081633
2022,52,"RS","Outras Respiratórias",49,42.6734693877551
2022,52,"SC","Outras Respiratórias",22,63.2727272727273
2023,1,"PR","Influenza",15,73.6666666666667
2023,1,"PR","Outras Respiratórias",31,68.1290322580645
2023,1,"RS","Influenza",12,60
2023,1,"RS","Outras Respiratórias",24,46.6666666666667
2023,1,"SC","Influenza",6,40
2023,1,"SC","Outras Respiratórias",18,60.8888888888889
2023,2,"PR","Influenza",5,0
2023,2,"PR","Outras Respiratórias",33,74.6060606060606
2023,2,"RS","Influenza",4,2
2023,2,"RS","Outras Respiratórias",43,83.3255813953488
2023,2,"SC","Outras Respiratórias",24,47.2916666666667
2023,3,"PR","Outras Respiratórias",28,73.4642857142857
2023,3,"RS","Outras Respiratórias",40,52.825
2023,3,"SC","Outras Respiratórias",21,68.3809523809524
2023,4,"PR","Influenza",7,49
2023,4,"PR","Outras Respiratórias",32,58.25
2023,4,"RS","Outras Respiratórias",30,51.5666666666667
2023,4,"SC","Influenza",10,61.4
2023,4,"SC","Outras Respiratórias",12,72.75
2023,5,"PR","Influenza",6,51
2023,5,"PR","Outras Respiratórias",32,45.875
2023,5,"RS","Influenza",4,84
2023,5,"RS","Outras Respiratórias",42,53.4047619047619
2023,5,"SC","Influenza",2,82
2023,5,"SC","Outras Respiratórias",26,68.6153846153846
2023,6,"PR","Influenza",7,12
2023,6,"PR","Outras Respiratórias",31,45.9354838709677
2023,6,"RS","Influenza",7,89.7142857142857
2023,6,"RS","Outras Respiratórias",33,62.0909090909091
2023,6,"SC","Outras Respiratórias",27,58.4074074074074
2023,7,"PR","Outras Respiratórias",53,70.0754716981132
2023,7,"RS","Outras Respiratórias",42,62.8571428571429
2023,7,"SC","Influenza",3,89
2023,7,"SC","Outras Respiratórias",33,57.3636363636364
2023,8,"PR","Outras Respiratórias",56,32.9285714285714
2023,8,"RS","Outras Respiratórias",40,57.175
2023,8,"SC","Outras Respiratórias",27,53.8888888888889
2023,9,"PR","Influenza",8,43
2023,9,"PR","Outras Respiratórias",46,70.3695652173913
2023,9,"RS","Influenza",7,67.4285714285714
2023,9,"RS","Outras Respiratórias",27,33.6296296296296
2023,9,"SC","Influenza",7,100
2023,9,"SC","Outras Respiratórias",30,69.2333333333333
2023,10,"PR","Influenza",12,100
2023,10,"PR","Outras Respiratórias",59,48.8305084745763
2023,10,"RS","Influenza",6,28
2023,10,"RS","Outras Respiratórias",52,65.2692307692308
2023,10,"SC","Outras Respiratórias",41,63.3170731707317
2023,11,"PR","Outras Respiratórias",66,56.1363636363636
2023,11,"RS","Influenza",7,41
2023,11,"RS","Outras Respiratórias",48,76.0416666666667
2023,11,"SC","Influenza",5,31
2023,11,"SC","Outras Respiratórias",46,54.4565217391304
2023,12,"PR","Influenza",6,77
2023,12,"PR","Outras Respiratórias",54,66.9074074074074
2023,12,"RS","Influenza",26,47.4615384615385
2023,12,"RS","Outras Respiratórias",44,35.0227272727273
2023,12,"SC","Outras Respiratórias",41,45.5365853658537
2023,13,"PR","Outras Respiratórias",78,59.6538461538462
2023,13,"RS","Influenza",7,11
2023,13,"RS","Outras Respiratórias",57,51.8421052631579
2023,13,"SC","Outras Respiratórias",30,41.7666666666667
2023,14,"PR","Outras Respiratórias",80,68.0875
2023,14,"RS","Influenza",14,96
2023,14,"RS","Outras Respiratórias",56,43.4821428571429
2023,14,"SC","Outras Respiratórias",48,69.2916666666667
2023,15,"PR","Outras Respiratórias",76,74.9210526315789
2023,15,"RS","Influenza",8,69
2023,15,"RS","Outras Respiratórias",65,38.9230769230769
2023,15,"SC","Influenza",5,96
2023,15,"SC","Outras Respiratórias",37,49.972972972973
2023,16,"PR","Influenza",9,70
2023,16,"PR","Outras Respiratórias",72,55.2083333333333
2023,16,"RS","Outras Respiratórias",84,45.6785714285714
2023,16,"SC","Outras Respiratórias",58,73.0172413793103
2023,17,"PR","Outras Respiratórias",96,45.15625
2023,17,"RS","Influenza",19,33.8421052631579
2023,17,"RS","Outras Respiratórias",54,69.1666666666667
2023,17,"SC","Influenza",5,32
2023,17,"SC","Outras Respiratórias",57,66.5614035087719
2023,18,"PR","Influenza",13,67
2023,18,"PR","Outras Respiratórias",90,62.7777777777778
2023,18,"RS","Influenza",13,23
2023,18,"RS","Outras Respiratórias",79,55.3164556962025
2023,18,"SC","Outras Respiratórias",62,58.3225806451613
2023,19,"PR","Influenza",12,76
2023,19,"PR","Outras Respiratórias",100,64.49
2023,19,"RS","Outras Respiratórias",90,69.5333333333333
2023,19,"SC","Influenza",12,1
2023,19,"SC","Outras Respiratórias",44,42.2045454545455
2023,20,"PR","Influenza",14,57
2023,20,"PR","Outras Respiratórias",99,87.3838383838384
2023,20,"RS","Influenza",12,61
2023,20,"RS","Outras Respiratórias",74,47.6756756756757
2023,20,"SC","Outras Respiratórias",88,67.9090909090909
2023,21,"PR","Outras Respiratórias",106,42.4433962264151
2023,21,"RS","Influenza",20,45.8
2023,21,"RS","Outras Respiratórias",87,64.9540229885057
2023,21,"SC","Influenza",10,19
2023,21,"SC","Outras Respiratórias",48,62.8333333333333
2023,22,"PR","Influenza",12,78
2023,22,"PR","Outras Respiratórias",90,74.0111111111111
2023,22,"RS","Influenza",41,32.1707317073171
2023,22,"RS","Outras Respiratórias",77,46.1688311688312
2023,22,"SC","Influenza",13,4
2023,22,"SC","Outras Respiratórias",68,67.2058823529412
2023,23,"PR","Outras Respiratórias",130,71.0384615384615
2023,23,"RS","Outras Respiratórias",98,53.3673469387755
2023,23,"SC","Influenza",37,47.9459459459459
2023,23,"SC","Outras Respiratórias",36,65.1944444444444
2023,24,"PR","Influenza",27,63.4444444444444
2023,24,"PR","Outras Respiratórias",98,72.6224489795918
2023,24,"RS","Influenza",11,16
2023,24,"RS","Outras Respiratórias",101,46.6732673267327
2023,24,"SC","Influenza",25,81.4
2023,24,"SC","Outras Respiratórias",58,20.0689655172414
2023,25,"PR","Influenza",19,97
2023,25,"PR","Outras Respiratórias",107,40.8691588785047
2023,25,"RS","Outras Respiratórias",85,48.7882352941176
2023,25,"SC","Influenza",26,25.6153846153846
2023,25,"SC","Outras Respiratórias",65,66.8461538461538
2023,26,"PR","Influenza",34,58.5
2023,26,"PR","Outras Respiratórias",79,43.3164556962025
2023,26,"RS","Influenza",17,74
2023,26,"RS","Outras Respiratórias",81,61.6913580246914
2023,26,"SC","Influenza",13,73
2023,26,"SC","Outras Respiratórias",75,65.9333333333333
2023,27,"PR","Outras Respiratórias",122,59.4590163934426
2023,27,"RS","Influenza",21,89
2023,27,"RS","Outras Respiratórias",93,71.0860215053764
2023,27,"SC","Influenza",14,50
2023,27,"SC","Outras Respiratórias",78,61.4358974358974
2023,28,"PR","Influenza",40,95
2023,28,"PR","Outras Respiratórias",90,57.3222222222222
2023,28,"RS","Influenza",13,3
2023,28,"RS","Outras Respiratórias",98,69.1020408163265
2023,28,"SC","Influenza",6,78
2023,28,"SC","Outras Respiratórias",78,56.8461538461538
2023,29,"PR","Outras Respiratórias",118,32.8135593220339
2023,29,"RS","Outras Respiratórias",126,64.4285714285714
2023,29,"SC","Outras Respiratórias",78,46.2564102564103
2023,30,"PR","Outras Respiratórias",125,42.136
2023,30,"RS","Influenza",36,49.6944444444444
2023,30,"RS","Outras Respiratórias",101,61.9009900990099
2023,30,"SC","Influenza",14,76
2023,30,"SC","Outras Respiratórias",67,82.6268656716418
2023,31,"PR","Influenza",13,49
2023,31,"PR","Outras Respiratórias",102,58.8137254901961
2023,31,"RS","Outras Respiratórias",120,74.625
2023,31,"SC","Influenza",10,91
2023,31,"SC","Outras Respiratórias",69,69.0869565217391
2023,32,"PR","Outras Respiratórias",121,78.0082644628099
2023,32,"RS","Influenza",25,18
2023,32,"RS","Outras Respiratórias",110,51.8272727272727
2023,32,"SC","Influenza",17,81
2023,32,"SC","Outras Respiratórias",59,59.3559322033898
2023,33,"PR","Influenza",24,12
2023,33,"PR","Outras Respiratórias",98,68.6224489795918
2023,33,"RS","Influenza",19,58
2023,33,"RS","Outras Respiratórias",91,55.6813186813187
2023,33,"SC","Outras Respiratórias",84,58.8452380952381
2023,34,"PR","Outras Respiratórias",112,54.4732142857143
2023,34,"RS","Outras Respiratórias",113,41.0176991150442
2023,34,"SC","Influenza",14,76
2023,34,"SC","Outras Respiratórias",78,49.8205128205128
2023,35,"PR","Outras Respiratórias",114,41.3684210526316
2023,35,"RS","Influenza",12,67
2023,35,"RS","Outras Respiratórias",92,42.3478260869565
2023,35,"SC","Influenza",11,27
2023,35,"SC","Outras Respiratórias",56,67.5892857142857
2023,36,"PR","Influenza",14,86
2023,36,"PR","Outras Respiratórias",96,69.6666666666667
2023,36,"RS","Influenza",10,50
2023,36,"RS","Outras Respiratórias",86,49.5581395348837
2023,36,"SC","Influenza",8,93
2023,36,"SC","Outras Respiratórias",52,72.6923076923077
2023,37,"PR","Influenza",29,32.2758620689655
2023,37,"PR","Outras Respiratórias",66,51.1666666666667
2023,37,"RS","Influenza",18,82
2023,37,"RS","Outras Respiratórias",102,68.9803921568627
2023,37,"SC","Outras Respiratórias",84,68.8452380952381
2023,38,"PR","Outras Respiratórias",109,58.0183486238532
2023,38,"RS","Outras Respiratórias",95,62.3473684210526
2023,38,"SC","Influenza",6,62
2023,38,"SC","Outras Respiratórias",53,51.2452830188679
2023,39,"PR","Influenza",14,89
2023,39,"PR","Outras Respiratórias",82,66.7682926829268
2023,39,"RS","Outras Respiratórias",88,60.4431818181818
2023,39,"SC","Influenza",16,61.375
2023,39,"SC","Outras Respiratórias",46,62.2173913043478
2023,40,"PR","Outras Respiratórias",83,49.6867469879518
2023,40,"RS","Influenza",18,46.5
2023,40,"RS","Outras Respiratórias",57,49.1929824561403
2023,40,"SC","Outras Respiratórias",57,57.0526315789474
2023,41,"PR","Outras Respiratórias",83,49.0240963855422
2023,41,"RS","Outras Respiratórias",76,69.5263157894737
2023,41,"SC","Influenza",7,93
2023,41,"SC","Outras Respiratórias",55,62.9818181818182
2023,42,"PR","Outras Respiratórias",108,35.2592592592593
2023,42,"RS","Outras Respiratórias",71,51.6056338028169
2023,42,"SC","Outras Respiratórias",59,64.6271186440678
2023,43,"PR","Outras Respiratórias",92,39.8586956521739
2023,43,"RS","Influenza",10,70
2023,43,"RS","Outras Respiratórias",71,47.943661971831
2023,43,"SC","Influenza",9,49
2023,43,"SC","Outras Respiratórias",46,57.5
2023,44,"PR","Outras Respiratórias",76,58.8947368421053
2023,44,"RS","Outras Respiratórias",48,66.4583333333333
2023,44,"SC","Outras Respiratórias",54,52
2023,45,"PR","Influenza",17,12
2023,45,"PR","Outras Respiratórias",45,49.9555555555556
2023,45,"RS","Influenza",8,80
2023,45,"RS","Outras Respiratórias",48,61.2291666666667
2023,45,"SC","Influenza",15,89
2023,45,"SC","Outras Respiratórias",29,48.551724137931
2023,46,"PR","Influenza",8,26
2023,46,"PR","Outras Respiratórias",55,52.0909090909091
2023,46,"RS","Influenza",4,94
2023,46,"RS","Outras Respiratórias",55,55.4909090909091
2023,46,"SC","Outras Respiratórias",61,60.2295081967213
2023,47,"PR","Influenza",19,90.2631578947368
2023,47,"PR","Outras Respiratórias",36,66.3333333333333
2023,47,"RS","Influenza",10,39
2023,47,"RS","Outras Respiratórias",48,75.25
2023,47,"SC","Outras Respiratórias",50,60.02
2023,48,"PR","Influenza",15,16
2023,48,"PR","Outras Respiratórias",42,41.4285714285714
2023,48,"RS","Outras Respiratórias",50,61.9
2023,48,"SC","Outras Respiratórias",38,56.3947368421053
2023,49,"PR","Outras Respiratórias",37,59.3513513513514
2023,49,"RS","Outras Respiratórias",45,54.0444444444444
2023,49,"SC","Influenza",7,10
2023,49,"SC","Outras Respiratórias",35,68.8857142857143
2023,50,"PR","Outras Respiratórias",56,78.625
2023,50,"RS","Outras Respiratórias",38,60.8684210526316
2023,50,"SC","Influenza",6,43
2023,50,"SC","Outras Respiratórias",21,52.2380952380952
2023,51,"PR","Influenza",5,80
2023,51,"PR","Outras Respiratórias",39,62.3589743589744
2023,51,"RS","Influenza",26,48.1538461538462
2023,51,"RS","Outras Respiratórias",33,58.2424242424242
2023,51,"SC","Outras Respiratórias",32,62.0625
2023,52,"PR","Outras Respiratórias",50,45.3
2023,52,"RS","Outras Respiratórias",44,40.0454545454545
2023,52,"SC","Outras Respiratórias",32,53.125
2024,1,"PR","Influenza",15,74.0666666666667
2024,1,"PR","Outras Respiratórias",32,72.59375
2024,1,"RS","Influenza",11,55.2727272727273
2024,1,"RS","Outras Respiratórias",20,37.3
2024,1,"SC","Influenza",4,63
2024,1,"SC","Outras Respiratórias",31,58.4838709677419
2024,2,"PR","Outras Respiratórias",51,64.1176470588235
2024,2,"RS","Influenza",7,87
2024,2,"RS","Outras Respiratórias",36,72.5277777777778
2024,2,"SC","Influenza",6,37
2024,2,"SC","Outras Respiratórias",19,73.8421052631579
2024,3,"PR","Influenza",10,95
2024,3,"PR","Outras Respiratórias",22,68.8636363636364
2024,3,"RS","Influenza",3,100
2024,3,"RS","Outras Respiratórias",26,54.0384615384615
2024,3,"SC","Influenza",4,46
2024,3,"SC","Outras Respiratórias",25,58.72
2024,4,"PR","Outras Respiratórias",38,62.0526315789474
2024,4,"RS","Outras Respiratórias",35,69.2571428571429
2024,4,"SC","Influenza",1,68
2024,4,"SC","Outras Respiratórias",31,53.5161290322581
2024,5,"PR","Influenza",15,58.7333333333333
2024,5,"PR","Outras Respiratórias",32,66.5625
2024,5,"RS","Influenza",3,98
2024,5,"RS","Outras Respiratórias",35,49.5714285714286
2024,5,"SC","Outras Respiratórias",28,71.7857142857143
2024,6,"PR","Influenza",14,45.2857142857143
2024,6,"PR","Outras Respiratórias",29,54.6206896551724
2024,6,"RS","Outras Respiratórias",55,37.9636363636364
2024,6,"SC","Outras Respiratórias",36,51.4722222222222
2024,7,"PR","Influenza",8,37
2024,7,"PR","Outras Respiratórias",41,74.9024390243902
2024,7,"RS","Outras Respiratórias",55,57.4
2024,7,"SC","Influenza",4,70
2024,7,"SC","Outras Respiratórias",36,54.6944444444444
2024,8,"PR","Influenza",11,7
2024,8,"PR","Outras Respiratórias",37,46.3243243243243
2024,8,"RS","Influenza",9,10.6666666666667
2024,8,"RS","Outras Respiratórias",36,59.6111111111111
2024,8,"SC","Outras Respiratórias",34,63.0588235294118
2024,9,"PR","Outras Respiratórias",65,62.3076923076923
2024,9,"RS","Outras Respiratórias",61,85.7377049180328
2024,9,"SC","Outras Respiratórias",42,45.2142857142857
2024,10,"PR","Influenza",6,84
2024,10,"PR","Outras Respiratórias",52,64.5
2024,10,"RS","Outras Respiratórias",74,72.445945945946
2024,10,"SC","Outras Respiratórias",42,55.3809523809524
2024,11,"PR","Outras Respiratórias",59,60.7627118644068
2024,11,"RS","Outras Respiratórias",60,30.75
2024,11,"SC","Influenza",8,48.5
2024,11,"SC","Outras Respiratórias",26,43.3076923076923
2024,12,"PR","Influenza",5,96
2024,12,"PR","Outras Respiratórias",51,35.0588235294118
2024,12,"RS","Influenza",21,59.3809523809524
2024,12,"RS","Outras Respiratórias",47,58.9787234042553
2024,12,"SC","Outras Respiratórias",38,25.4473684210526
2024,13,"PR","Outras Respiratórias",73,32.6986301369863
2024,13,"RS","Influenza",14,68
2024,13,"RS","Outras Respiratórias",47,55.6595744680851
2024,13,"SC","Influenza",3,88
2024,13,"SC","Outras Respiratórias",39,74.6666666666667
2024,14,"PR","Outras Respiratórias",80,54.775
2024,14,"RS","Outras Respiratórias",67,71.1940298507463
2024,14,"SC","Influenza",13,22
2024,14,"SC","Outras Respiratórias",41,66.8292682926829
2024,15,"PR","Outras Respiratórias",77,47.4545454545455
2024,15,"RS","Influenza",6,61
2024,15,"RS","Outras Respiratórias",71,68.1267605633803
2024,15,"SC","Outras Respiratórias",53,66.8490566037736
2024,16,"PR","Outras Respiratórias",73,49.2328767123288
2024,16,"RS","Outras Respiratórias",69,61.1159420289855
2024,16,"SC","Influenza",10,91
2024,16,"SC","Outras Respiratórias",61,68.5409836065574
2024,17,"PR","Influenza",29,47.8965517241379
2024,17,"PR","Outras Respiratórias",45,49.4
2024,17,"RS","Influenza",11,52
2024,17,"RS","Outras Respiratórias",66,61.3787878787879
2024,17,"SC","Outras Respiratórias",46,65.8913043478261
2024,18,"PR","Outras Respiratórias",109,40.256880733945
2024,18,"RS","Outras Respiratórias",84,50.5357142857143
2024,18,"SC","Outras Respiratórias",54,65.962962962963
2024,19,"PR","Influenza",14,85
2024,19,"PR","Outras Respiratórias",78,74.1923076923077
2024,19,"RS","Influenza",16,84
2024,19,"RS","Outras Respiratórias",85,56.5176470588235
2024,19,"SC","Influenza",12,76
2024,19,"SC","Outras Respiratórias",67,70.9253731343284
2024,20,"PR","Outras Respiratórias",102,63.1078431372549
2024,20,"RS","Outras Respiratórias",102,63.2058823529412
2024,20,"SC","Influenza",6,83
2024,20,"SC","Outras Respiratórias",62,49.2903225806452
2024,21,"PR","Outras Respiratórias",97,47.0412371134021
2024,21,"RS","Outras Respiratórias",84,40.4404761904762
2024,21,"SC","Influenza",13,49
2024,21,"SC","Outras Respiratórias",54,49.4444444444444
2024,22,"PR","Influenza",38,23.1315789473684
2024,22,"PR","Outras Respiratórias",66,66.5
2024,22,"RS","Outras Respiratórias",103,69.0776699029126
2024,22,"SC","Influenza",8,78
2024,22,"SC","Outras Respiratórias",55,47.4363636363636
2024,23,"PR","Influenza",37,81.7297297297297
2024,23,"PR","Outras Respiratórias",91,66.8021978021978
2024,23,"RS","Influenza",17,88
2024,23,"RS","Outras Respiratórias",103,72.5922330097087
2024,23,"SC","Outras Respiratórias",69,39.0289855072464
2024,24,"PR","Outras Respiratórias",131,44.4580152671756
2024,24,"RS","Influenza",15,31
2024,24,"RS","Outras Respiratórias",113,63.2477876106195
2024,24,"SC","Influenza",9,89
2024,24,"SC","Outras Respiratórias",67,46.134328358209
2024,25,"PR","Influenza",20,18
2024,25,"PR","Outras Respiratórias",118,67.6864406779661
2024,25,"RS","Influenza",48,38.7708333333333
2024,25,"RS","Outras Respiratórias",66,40.5909090909091
2024,25,"SC","Influenza",8,38
2024,25,"SC","Outras Respiratórias",64,48.1875
2024,26,"PR","Influenza",31,56.7741935483871
2024,26,"PR","Outras Respiratórias",86,58.3255813953488
2024,26,"RS","Influenza",20,18
2024,26,"RS","Outras Respiratórias",92,61.25
2024,26,"SC","Outras Respiratórias",91,55.5934065934066
2024,27,"PR","Outras Respiratórias",128,67.25
2024,27,"RS","Influenza",15,49
2024,27,"RS","Outras Respiratórias",91,62.3076923076923
2024,27,"SC","Outras Respiratórias",78,69.2435897435897
2024,28,"PR","Influenza",23,89
2024,28,"PR","Outras Respiratórias",88,63.5113636363636
2024,28,"RS","Influenza",23,82.2608695652174
2024,28,"RS","Outras Respiratórias",86,59.6627906976744
2024,28,"SC","Outras Respiratórias",77,54.6233766233766
2024,29,"PR","Influenza",16,11
2024,29,"PR","Outras Respiratórias",118,64.6864406779661
2024,29,"RS","Influenza",8,93
2024,29,"RS","Outras Respiratórias",92,58.2826086956522
2024,29,"SC","Influenza",13,75
2024,29,"SC","Outras Respiratórias",83,42.8433734939759
2024,30,"PR","Influenza",21,52
2024,30,"PR","Outras Respiratórias",94,40.2765957446809
2024,30,"RS","Influenza",51,52.7647058823529
2024,30,"RS","Outras Respiratórias",45,84.5777777777778
2024,30,"SC","Outras Respiratórias",85,32.8470588235294
2024,31,"PR","Influenza",16,87
2024,31,"PR","Outras Respiratórias",114,61.4561403508772
2024,31,"RS","Outras Respiratórias",123,39.0569105691057
2024,31,"SC","Outras Respiratórias",82,37.1951219512195
2024,32,"PR","Influenza",20,71
2024,32,"PR","Outras Respiratórias",87,47.8045977011494
2024,32,"RS","Outras Respiratórias",123,46
2024,32,"SC","Influenza",25,92.32
2024,32,"SC","Outras Respiratórias",57,58.1228070175439
2024,33,"PR","Influenza",21,11
2024,33,"PR","Outras Respiratórias",104,59.0673076923077
2024,33,"RS","Influenza",20,100
2024,33,"RS","Outras Respiratórias",95,65.8947368421053
2024,33,"SC","Influenza",10,66
2024,33,"SC","Outras Respiratórias",52,73.5
2024,34,"PR","Outras Respiratórias",112,52.3392857142857
2024,34,"RS","Outras Respiratórias",99,44.4747474747475
2024,34,"SC","Outras Respiratórias",81,55.4197530864198
2024,35,"PR","Influenza",21,33
2024,35,"PR","Outras Respiratórias",99,72.2020202020202
2024,35,"RS","Influenza",14,59
2024,35,"RS","Outras Respiratórias",74,75.5405405405405
2024,35,"SC","Outras Respiratórias",82,55.9634146341463
2024,36,"PR","Influenza",17,89
2024,36,"PR","Outras Respiratórias",85,68.3294117647059
2024,36,"RS","Outras Respiratórias",92,75.1086956521739
2024,36,"SC","Outras Respiratórias",62,67.5806451612903
2024,37,"PR","Outras Respiratórias",94,29.8191489361702
2024,37,"RS","Influenza",15,34
2024,37,"RS","Outras Respiratórias",85,70.7882352941176
2024,37,"SC","Influenza",20,45.4
2024,37,"SC","Outras Respiratórias",56,67.0178571428571
2024,38,"PR","Outras Respiratórias",100,60.7
2024,38,"RS","Outras Respiratórias",99,55.5050505050505
2024,38,"SC","Influenza",12,21
2024,38,"SC","Outras Respiratórias",60,67.6833333333333
2024,39,"PR","Outras Respiratórias",108,71.3333333333333
2024,39,"RS","Influenza",16,65
2024,39,"RS","Outras Respiratórias",76,51.2763157894737
2024,39,"SC","Influenza",7,70
2024,39,"SC","Outras Respiratórias",47,78.468085106383
2024,40,"PR","Influenza",9,24
2024,40,"PR","Outras Respiratórias",71,61.4929577464789
2024,40,"RS","Influenza",11,74
2024,40,"RS","Outras Respiratórias",65,69.4615384615385
2024,40,"SC","Influenza",10,32
2024,40,"SC","Outras Respiratórias",41,58.4634146341463
2024,41,"PR","Outras Respiratórias",81,57.3456790123457
2024,41,"RS","Influenza",8,72
2024,41,"RS","Outras Respiratórias",55,64.5272727272727
2024,41,"SC","Influenza",7,87
2024,41,"SC","Outras Respiratórias",47,76.1702127659574
2024,42,"PR","Outras Respiratórias",70,44.0857142857143
2024,42,"RS","Outras Respiratórias",68,50.7058823529412
2024,42,"SC","Influenza",6,88
2024,42,"SC","Outras Respiratórias",51,78.6274509803922
2024,43,"PR","Outras Respiratórias",83,51.144578313253
2024,43,"RS","Outras Respiratórias",89,71.9101123595506
2024,43,"SC","Outras Respiratórias",53,66.0943396226415
2024,44,"PR","Outras Respiratórias",73,56.7397260273973
2024,44,"RS","Outras Respiratórias",70,51.1285714285714
2024,44,"SC","Influenza",5,24
2024,44,"SC","Outras Respiratórias",47,53.1702127659574
2024,45,"PR","Influenza",6,64
2024,45,"PR","Outras Respiratórias",62,70.4193548387097
2024,45,"RS","Influenza",10,59.5
2024,45,"RS","Outras Respiratórias",49,62.0408163265306
2024,45,"SC","Influenza",16,25.625
2024,45,"SC","Outras Respiratórias",23,60.2173913043478
2024,46,"PR","Outras Respiratórias",67,56.9402985074627
2024,46,"RS","Outras Respiratórias",59,68.8305084745763
2024,46,"SC","Influenza",11,94
2024,46,"SC","Outras Respiratórias",34,52.2941176470588
2024,47,"PR","Outras Respiratórias",59,63.8474576271186
2024,47,"RS","Outras Respiratórias",49,57.469387755102
2024,47,"SC","Influenza",4,67
2024,47,"SC","Outras Respiratórias",29,67.7241379310345
2024,48,"PR","Outras Respiratórias",74,46.5135135135135
2024,48,"RS","Outras Respiratórias",53,61.4150943396226
2024,48,"SC","Influenza",13,12.0769230769231
2024,48,"SC","Outras Respiratórias",34,45.1176470588235
2024,49,"PR","Influenza",10,77
2024,49,"PR","Outras Respiratórias",46,56.1304347826087
2024,49,"RS","Influenza",6,57
2024,49,"RS","Outras Respiratórias",34,41.3235294117647
2024,49,"SC","Influenza",8,82.5
2024,49,"SC","Outras Respiratórias",25,67.44
2024,50,"PR","Outras Respiratórias",38,53.8684210526316
2024,50,"RS","Influenza",12,45.3333333333333
2024,50,"RS","Outras Respiratórias",30,67.6666666666667
2024,50,"SC","Outras Respiratórias",24,59.1666666666667
2024,51,"PR","Influenza",8,68
2024,51,"PR","Outras Respiratórias",34,59
2024,51,"RS","Influenza",13,93.6923076923077
2024,51,"RS","Outras Respiratórias",32,77.75
2024,51,"SC","Influenza",5,97
2024,51,"SC","Outras Respiratórias",32,50.5
2024,52,"PR","Outras Respiratórias",60,67.6666666666667
2024,52,"RS","Outras Respiratórias",38,53.5263157894737
2024,52,"SC","Outras Respiratórias",36,58.7222222222222
2025,1,"PR","Outras Respiratórias",19,21.8421052631579
2025,1,"RS","Outras Respiratórias",14,84.2142857142857
2025,1,"SC","Influenza",1,50
2025,1,"SC","Outras Respiratórias",9,56.2222222222222
